puesto,ciudad,fecha
Diseñador/Programador web,En remoto,07-jun-19
Consultor SEM y SEO,En remoto,07-jun-19
SEO,En remoto,07-jun-19
Diseñador/Programador web,En remoto,07-jun-19
Consultor SEM y SEO,En remoto,07-jun-19
SEO,En remoto,07-jun-19
Community Manager,En remoto,06-jun-19
Consultor,En remoto,06-jun-19
Fotógrafo/a ,En remoto,05-jun-19
Graphic Designer (Portuguese required),En remoto,05-jun-19
Diseñador/a stands y espacios efímeros ,En remoto,05-jun-19
Redactor/a de Contenidos ,En remoto,04-jun-19
Diseñador/a de Stands,En remoto,04-jun-19
Actor/ Actriz de doblaje en Inglés,En remoto,04-jun-19
Desarrollador de Aplicaciones ,En remoto,04-jun-19
Motion Designer,En remoto,04-jun-19
Programador Web Senior ,En remoto,04-jun-19
Multimedia Designer ,En remoto,03-jun-19
Redactor/a Junior,En remoto,03-jun-19
Maquetación y edición de Revistas,En remoto,03-jun-19
Programador Web,En remoto,03-jun-19
Mailing Set-Up Specialist,En remoto,31-may-19
Community Manager ,En remoto,30-may-19
Performance Marketing Specialist,En remoto,30-may-19
3D Animator,En remoto,30-may-19
2D Animator,En remoto,30-may-19
Traductor/a Castellano - Árabe ,En remoto,29-may-19
Rotulista ,En remoto,29-may-19
Diseñador Gráfico,En remoto,29-may-19
Desarrollador Web ,En remoto,28-may-19
Profesor ,En remoto,28-may-19
Programador Web,En remoto,28-may-19
Consultor/a SEO ,En remoto,28-may-19
Business Developer,En remoto,27-may-19
Desarrollador/a Backend / Programador/a,En remoto,24-may-19
Director/a de Arte Senior ,En remoto,24-may-19
Fotógrafo ,En remoto,23-may-19
Fotógrafo,En remoto,22-may-19
Desarrollador Frontend VueJS ,En remoto,20-may-19
Diseñador Web ,En remoto,20-may-19
Experto en Data Studio,En remoto,20-may-19
Experto en Unity ADS y monetización de APPS,En remoto,17-may-19
Experto en Gamificación ,En remoto,17-may-19
Programador Unity ,En remoto,17-may-19
Diseñador ,En remoto,16-may-19
Desarrollador PHP/WordPress,En remoto,16-may-19
Tejedor/a,En remoto,16-may-19
Storyboarder,En remoto,16-may-19
Content Designer,En remoto,16-may-19
Content Strategist/ UX Writer ,En remoto,16-may-19
UX Writer ,En remoto,16-may-19
Especialista SEM y SEO,En remoto,14-may-19
Desarrollador de Odoo ,En remoto,10-may-19
Desarrollador/a de contenido e-Learning ,En remoto,09-may-19
Diseñador Digital,En remoto,09-may-19
Visual Designer,En remoto,09-may-19
Composition VFX ,En remoto,09-may-19
Graphic Designer,En remoto,09-may-19
Profesor/a,En remoto,07-may-19
Community Manager,En remoto,06-may-19
Programador Web PHP/JS,En remoto,06-may-19
UI / UX Designer,En remoto,06-may-19
Animador After Effects,En remoto,06-may-19
Illustrator/ Storyboard Artist,En remoto,06-may-19
Webmaster - Carga de contenidos Wordpress,En remoto,02-may-19
Country Editor (Spain & Portugal),En remoto,02-may-19
Programador .NET ,En remoto,29-apr-19
Diseñador/a Gráfico/a - Web ,En remoto,26-apr-19
Redactores para contenidos de marca en portugués (Portugal),En remoto,26-apr-19
Planner estratégico,En remoto,25-apr-19
Business Developer,En remoto,24-apr-19
Desarrollador Web,En remoto,24-apr-19
Redactores Audiovisuales ,En remoto,23-apr-19
Business Strategist ,En remoto,23-apr-19
3D Artist - Cinema 4D Expert,En remoto,23-apr-19
Full Stack Developer ,En remoto,17-apr-19
3D Artist,En remoto,17-apr-19
Programador C++ Unreal Engine,En remoto,17-apr-19
Marketing Digital,En remoto,16-apr-19
Desarrollo de Packaging ,En remoto,15-apr-19
Desarrollador Web,En remoto,12-apr-19
Diseñador Web ,En remoto,10-apr-19
Copy Creativo,En remoto,09-apr-19
Community Manager,En remoto,09-apr-19
UX/UI Specialists/Researchers ,En remoto,09-apr-19
Diseñador/a Presentaciones ,En remoto,09-apr-19
Desarrollador/a Contenido eLearning,En remoto,08-apr-19
Power Point Designer,En remoto,08-apr-19
Backend developer,En remoto,08-apr-19
Android Developer ,En remoto,08-apr-19
iOS developer,En remoto,08-apr-19
Marketing Online  / Community Manager ,En remoto,05-apr-19
Profesor de Rhinoceros ,En remoto,04-apr-19
Diseñador/a multimedia,En remoto,04-apr-19
Diseñador y Maquetador Web & Mobile,En remoto,04-apr-19
Framework Laravel / Symphony,En remoto,04-apr-19
Diseñador/a Digital ,En remoto,04-apr-19
 Copywriter Senior ,En remoto,04-apr-19
Diseñador/a Instruccional,En remoto,03-apr-19
3D Animator / Animador 3D,En remoto,02-apr-19
Programador en PHP y Maquetador ,En remoto,02-apr-19
Programador web JavaScript,En remoto,01-apr-19
Programadores front-end / back-end ,En remoto,29-mar-19
Diseñador UI / UX ,En remoto,29-mar-19
Diseñador/a de Interiores ,En remoto,28-mar-19
Gestor de Cuentas ,En remoto,28-mar-19
Programador Wordpress  ,En remoto,27-mar-19
Consultores en Marketing Digital,En remoto,27-mar-19
Event Designer 2D/ Graphic Designer,En remoto,27-mar-19
Journalist ,En remoto,26-mar-19
Copy Editor,En remoto,26-mar-19
Programadores Fullstack Junior y Senior,En remoto,26-mar-19
Diseñador Gráfico ,En remoto,25-mar-19
Diseñador Gráfico Web,En remoto,21-mar-19
Diseñadores de Contenidos Interactivos,En remoto,21-mar-19
Periodista ,En remoto,20-mar-19
Desarrollador Prestashop,En remoto,20-mar-19
Traductor ,En remoto,19-mar-19
Front End Developer ,En remoto,18-mar-19
Backend Senior Developer,En remoto,18-mar-19
3D/2D Artist ,En remoto,18-mar-19
Desarrollador Experto Prestashop ,En remoto,18-mar-19
Interaction Designer,En remoto,18-mar-19
Interaction Designer,En remoto,18-mar-19
SEO / SEM / SMM,En remoto,15-mar-19
Diseñador Grafico - Prácticas ,En remoto,14-mar-19
Diseñador/Programador Web ,En remoto,14-mar-19
Proyectista ,En remoto,14-mar-19
Content Creator,En remoto,13-mar-19
Diseñador/a Gráfico/a Web ,En remoto,13-mar-19
Open edX Consultant,En remoto,13-mar-19
Diseñador/a UX/UI,En remoto,13-mar-19
Creador de Contenidos ,En remoto,13-mar-19
Programador Bases de Datos,En remoto,12-mar-19
 Backend Developer PHP + Laravel,En remoto,12-mar-19
UI/UX/Designer,En remoto,12-mar-19
Maquetador web,En remoto,08-mar-19
Profesor Lumion,En remoto,07-mar-19
Profesor de Rhinoceros y Vray,En remoto,07-mar-19
Redactor ,En remoto,07-mar-19
Web Designer,En remoto,05-mar-19
Diseñador Gráfico,En remoto,04-mar-19
Redactor/a ,En remoto,04-mar-19
Profesor Ruby on Rails,En remoto,04-mar-19
Community Manager,En remoto,01-mar-19
Digital Designer,En remoto,28-feb-19
Senior FullStack JavaScript ,En remoto,28-feb-19
Diseñador/a Web ,En remoto,27-feb-19
Formador Nuevas Tecnologías ,En remoto,26-feb-19
Diseñador 3D,En remoto,26-feb-19
Maquetador y programador (Back End),En remoto,26-feb-19
Modelador  ,En remoto,26-feb-19
Desarrollador Ruby On Rails,En remoto,26-feb-19
Senior Graphic Designer ,En remoto,25-feb-19
Redactor de Tecnología,En remoto,25-feb-19
3D Artist,En remoto,22-feb-19
Programador 2D ,En remoto,22-feb-19
Tester Digital App's,En remoto,22-feb-19
Full Stack Engineer/Big Data Engineer,En remoto,21-feb-19
Diseñador Gráfico / Artefinalista ,En remoto,21-feb-19
Desarrollador J2EE,En remoto,21-feb-19
Diseñador/a ,En remoto,20-feb-19
UX/UI Design,En remoto,20-feb-19
Programador/a HTML ,En remoto,20-feb-19
Motiongrapher - Editor/a de vídeo,En remoto,20-feb-19
Gestor de Campañas Email,En remoto,19-feb-19
Maquetador ,En remoto,19-feb-19
Especialista en Publicidad Online,En remoto,18-feb-19
Desarrollador ELGG,En remoto,15-feb-19
Visual UX/UI Designer,En remoto,15-feb-19
Diseñador/a Multimedia,En remoto,14-feb-19
Desarrollador Magento,En remoto,13-feb-19
Desarrollador Junior PHP / WordPress,En remoto,13-feb-19
Desarrollador web + Web Service,En remoto,13-feb-19
Modificación Plantilla Wordpress,En remoto,13-feb-19
Automatización Ventas Funnel,En remoto,13-feb-19
Creación Subtítulos SRT,En remoto,12-feb-19
Social Media Analyst,En remoto,12-feb-19
Programador Node.js/Java,En remoto,12-feb-19
Operador de Cámara,En remoto,11-feb-19
Guionista / Scriptwriter,En remoto,11-feb-19
Flame / Nuke compositors,En remoto,08-feb-19
Senior Ruby on Rails Developer,En remoto,07-feb-19
Diseñadores para contenidos de marca en italiano - Branded Co...,En remoto,07-feb-19
 Redactores para contenidos de marca en italiano - Branded Co...,En remoto,07-feb-19
 Redactores para contenidos de marca - Branded Content,En remoto,07-feb-19
Maquetador/programador de plataformas e-learning ,En remoto,07-feb-19
Estilista ,En remoto,07-feb-19
Desarrollador JavaScript FullStack,En remoto,07-feb-19
Diseñador/Ilustrador,En remoto,06-feb-19
Community Manager ,En remoto,06-feb-19
Desarrollador Web / eCommerce ,En remoto,05-feb-19
Periodista,En remoto,05-feb-19
Desarrollador Front-End,En remoto,05-feb-19
Diseño Web/eCommerce ,En remoto,01-feb-19
Stop Motion ,En remoto,31-jan-19
Profesor experto en Autodesk 3D Max y Vray,En remoto,30-jan-19
Desarrollador/a Frontend ,En remoto,30-jan-19
Reportero/a - Realizador/a audiovisual ,En remoto,30-jan-19
Diseñador Web,En remoto,29-jan-19
Jira & Confluence Trainer,En remoto,28-jan-19
Documentalista,En remoto,28-jan-19
Director Creativo - Copy  ,En remoto,25-jan-19
Diseñador Web ,En remoto,25-jan-19
Marketing Content Developer ,En remoto,25-jan-19
Marketing Digital SEO/SEM,En remoto,24-jan-19
Programador ,En remoto,24-jan-19
Animación Svg,En remoto,24-jan-19
Diseñador Gráfico ,En remoto,24-jan-19
Business Intelligence Consultant Power BI,En remoto,22-jan-19
Creativo Senior,En remoto,22-jan-19
Diseñador Joyería ,En remoto,22-jan-19
Social Media Manager ,En remoto,22-jan-19
Generalista 3D,En remoto,21-jan-19
UI Designer ,En remoto,17-jan-19
Edición de vídeo y fotografía,En remoto,17-jan-19
Frontend Developer VueJS Junior ,En remoto,16-jan-19
iOS Developer,En remoto,16-jan-19
Diseñador Web ,En remoto,16-jan-19
Consultor de Marketing Online ,En remoto,16-jan-19
Diseñador 3D,En remoto,15-jan-19
Account Manager,En remoto,15-jan-19
Técnico de Redes y Sistemas,En remoto,15-jan-19
Profesor Visualización con 3D studio Max,En remoto,15-jan-19
Fotógrafo de Producto ,En remoto,14-jan-19
Knitting y crochet Vídeo blogger,En remoto,10-jan-19
Desarrollador Web Fullstack,En remoto,10-jan-19
Desarrollador Experto en Wordpress,En remoto,10-jan-19
Animador 3D ,En remoto,09-jan-19
Programadores php-mysql / mobile / otras tecnologías,En remoto,07-jan-19
Experto en Diseño de Presentaciones y documentos corporativos,En remoto,27-dec-18
Diseñador Multimedia // Contenidos Didácticos (Digital Learni...,En remoto,27-dec-18
Animadores 3D con Cinema 4D ,En remoto,27-dec-18
Expertos en VR y 3D,En remoto,21-dec-18
Motion Graphics - Edición de vídeo,En remoto,21-dec-18
Director de Arte,En remoto,20-dec-18
VFX producer,En remoto,19-dec-18
New Business,En remoto,17-dec-18
Copywriter / Community Manager ,En remoto,14-dec-18
Copywriter ,En remoto,13-dec-18
Experto/a en Google Ads,En remoto,12-dec-18
Maquetador/a web,En remoto,12-dec-18
Experto en Flash + ActionScript2,En remoto,12-dec-18
Unity 3D Creative Developer ,En remoto,11-dec-18
Unity 3D Programmer,En remoto,11-dec-18
Frontend Creative Developer,En remoto,11-dec-18
Diseñador Senior ,En remoto,11-dec-18
Dupla Creativa - Director/a de arte y Redactor/a,En remoto,10-dec-18
Copywriter ,En remoto,10-dec-18
Frontend Web Developer,En remoto,10-dec-18
Storyboarder ,En remoto,10-dec-18
Front-End,En remoto,10-dec-18
Diseñador de Producto ,En remoto,04-dec-18
Especialista de Comunicació ,En remoto,30-nov-18
Periodista ,En remoto,29-nov-18
Especialista de Comunicació ,En remoto,30-nov-18
Periodista ,En remoto,29-nov-18
Diseñador Gráfico y Web,En remoto,29-nov-18
Diseñador Junior,En remoto,29-nov-18
Copywriter,En remoto,28-nov-18
Ilustrador ,En remoto,28-nov-18
Community Manager ,En remoto,28-nov-18
Contenidos e-Learning,En remoto,28-nov-18
Diseñador 3D - Stands,En remoto,27-nov-18
Diseñador / Maquetador Web,En remoto,27-nov-18
Fotógrafo ,En remoto,27-nov-18
Copy Creativo,En remoto,26-nov-18
Desarrollador/a web,En remoto,26-nov-18
Redactor/a ,En remoto,26-nov-18
Community Manager,En remoto,26-nov-18
Senior Project Manager,En remoto,26-nov-18
Sales Manager,En remoto,22-nov-18
Desarrollador / Maquetador Front-end ,En remoto,22-nov-18
Fotógrafo,En remoto,22-nov-18
Dissenyador Gràfic /Maquetador  ,En remoto,21-nov-18
New Business,En remoto,21-nov-18
Maquetador Indesign,En remoto,21-nov-18
Ilustrador Digital,En remoto,19-nov-18
Experto en Desarrollo y Mantenimiento Web,En remoto,19-nov-18
Profesor Composición Digital con Nuke X,En remoto,19-nov-18
Full Stack Developer,En remoto,19-nov-18
Front-End Engineer ,En remoto,19-nov-18
Programador PHP JavaScript HTML y CSS. ,En remoto,16-nov-18
Multidisciplinary Designer,En remoto,16-nov-18
Gestor y Dinamizador de Comunidades Sociales ,En remoto,16-nov-18
Animador 2D,En remoto,15-nov-18
Graphic Designer ,En remoto,15-nov-18
Programador/Maquetador,En remoto,15-nov-18
Copywriter / Copycreativo ,En remoto,14-nov-18
Creativo/Copywriter,En remoto,13-nov-18
Especialista Branded Content / Transmedia / Copy,En remoto,13-nov-18
Copywriter,En remoto,13-nov-18
Programador,En remoto,13-nov-18
Desarrollador/a Backend AWS & Java,En remoto,12-nov-18
Animador 2D,En remoto,12-nov-18
Desarrollo Proyecto de SEO,En remoto,12-nov-18
Senior Post Producer ,En remoto,12-nov-18
Diseñador Gráfico ,En remoto,09-nov-18
Desarrollador/a Front End,En remoto,08-nov-18
Sales Management & Marketing ,En remoto,07-nov-18
Desarrollador y Administrador de Sistemas,En remoto,07-nov-18
Senior Social Media Manager ,En remoto,07-nov-18
UX / UI Designer,En remoto,07-nov-18
Consultor SEO ,En remoto,06-nov-18
Business Manager,En remoto,06-nov-18
Desarrollo de e-commerce con Woocommerce,En remoto,05-nov-18
Desarrollador con CMS,En remoto,05-nov-18
Digital Project Manager,En remoto,05-nov-18
Diseñador Gráfico ,En remoto,05-nov-18
Redactor para contenidos de marca - Editorial & Visual,En remoto,05-nov-18
Especialista en Posicionamiento Web,En remoto,05-nov-18
Desarrollador y Administrador de Sistemas ,En remoto,02-nov-18
Consultor de Marketing Online - Community Manager / Contenidos,En remoto,02-nov-18
Programador ,En remoto,02-nov-18
Programador / diseñador web,En remoto,02-nov-18
QA Tester,En remoto,31-oct-18
Programador iOS,En remoto,31-oct-18
Social Media | Community Manager,En remoto,30-oct-18
Motion Graphics / Grapher Senior - After Effects Generalista,En remoto,30-oct-18
Project Manager / Social Media Strategist,En remoto,30-oct-18
Maquetador / Frontend Developer ,En remoto,29-oct-18
Programador/Desarrollador PHP Backend Senior ,En remoto,29-oct-18
Programador Fullstack Python y NoSQL,En remoto,29-oct-18
Fullstack Developer ,En remoto,29-oct-18
Analista Programador J2EE,En remoto,29-oct-18
Design Strategist,En remoto,26-oct-18
Junior Producer,En remoto,24-oct-18
Diseñador/a gráfico,En remoto,22-oct-18
Efectos especiales y postproducción,En remoto,22-oct-18
Programador Web (Backend) & Apps (Nativas o Seminativas),En remoto,22-oct-18
3D Rendering / Motion Graphics / Video Composer ,En remoto,19-oct-18
3D Animator Freelance,En remoto,19-oct-18
3D Generalist Freelance,En remoto,19-oct-18
Desarrollador Unity 3D Freelance,En remoto,19-oct-18
Profesor NodeJS,En remoto,19-oct-18
Programador Unreal Engine y Web Developer,En remoto,17-oct-18
Animador 2D para serie infantil - Software: Animate,En remoto,17-oct-18
Animador/a e Ilustrador/a para vídeo de animación,En remoto,15-oct-18
Photographer/content creator fashion startup,En remoto,15-oct-18
Jr. Multimedia Designer,En remoto,15-oct-18
ACCOUNT MANAGER,En remoto,11-oct-18
Full-Stack Developer,En remoto,11-oct-18
Desarrollador web,En remoto,11-oct-18
Patronista ,En remoto,10-oct-18
Programador SEO,En remoto,09-oct-18
Desarrollador SEO,En remoto,05-oct-18
Especialista de Marketing Online con Aleman nativo o bilingüe,En remoto,05-oct-18
Creativo - Copywriter publicitario,En remoto,04-oct-18
Design researcher ,En remoto,04-oct-18
Programador Web ,En remoto,04-oct-18
Director de arte o diseñador gráfico rusoparlante ,En remoto,04-oct-18
Diseñador UX/UI Junior,En remoto,03-oct-18
Modelador Junior,En remoto,03-oct-18
Modelador Senior,En remoto,03-oct-18
Director de fotografía - Operador de cámara ,En remoto,03-oct-18
Copywriter - redactor de contenidos,En remoto,02-oct-18
Analista Digital/Social (Research & Insights) ,En remoto,02-oct-18
Experto en Adwords Seo Sem... ,En remoto,02-oct-18
Tech Lead Drupal 8,En remoto,02-oct-18
Comercial ,En remoto,01-oct-18
Inbound Key Account Manager,En remoto,01-oct-18
Diseñador ,En remoto,01-oct-18
Social Media Account Manager,En remoto,28-sep-18
UI Designer / Illustrator ,En remoto,28-sep-18
Diseñador Branding,En remoto,27-sep-18
Especialista SEO/SEM,En remoto,27-sep-18
Gestión de redes sociales y marketing digital,En remoto,26-sep-18
Artista VFX,En remoto,25-sep-18
Colorista,En remoto,25-sep-18
Fotógrafo para Tours Virtuales y Fotografía Publicitaria,En remoto,21-sep-18
Diseñador Web y Gráfico,En remoto,19-sep-18
UI / UX Designer & Visual,En remoto,19-sep-18
Consultor marketing online ,En remoto,19-sep-18
Diseñador Web ,En remoto,19-sep-18
Programador PHP/Bootstrap y HTML5-CSS3 ,En remoto,18-sep-18
Redactor contenidos,En remoto,18-sep-18
Tècnic/a de comunicació,En remoto,18-sep-18
Diseñador web / gráfico con conocimiento de CSS y HTML,En remoto,18-sep-18
Desarrollador iOS y Android ,En remoto,18-sep-18
Diseño 2D/ Supervisor de animación 2D/ Animador 2D,En remoto,17-sep-18
Director de arte ,En remoto,17-sep-18
Social media / social ads / social data ,En remoto,16-sep-18
Tejedor/a ,En remoto,16-sep-18
Fotógrafo de producto,En remoto,16-sep-18
Java Developer,En remoto,16-sep-18
Fotógrafo,En remoto,16-sep-18
Programador Full stack (Phyton + Cassandra),En remoto,16-sep-18
Diseñadores de 3D ,En remoto,16-sep-18
Fotógrafo para Tours Virtuales y Fotografía Publicitaria,En remoto,16-sep-18
Programador Wordpress ,En remoto,16-sep-18
Traductor nativo de Español a Inglés,En remoto,16-sep-18
Programador/a WP / UI,En remoto,12-sep-18
Comercial para estudio creativo,En remoto,11-sep-18
Paid social ecommerce,En remoto,11-sep-18
Diseñador gráfico / web,En remoto,09-sep-18
Front-End Developer Magento,En remoto,09-sep-18
Diseñador - Desarrollador web - Ecommerce,En remoto,09-sep-18
Diseñador gráfico Senior,En remoto,09-sep-18
Formadores cursos online avanzados de programación,En remoto,08-sep-18
Copywriter - Comunicación,En remoto,08-sep-18
International Business Development,En remoto,07-sep-18
Marketing and Communication Manager,En remoto,07-sep-18
Costurera,En remoto,07-sep-18
Programador Web / Diseñador Multimedia (Digital Learning),En remoto,06-sep-18
Diseñador Web,En remoto,06-sep-18
Agente de Ventas,En remoto,06-sep-18
Ejecutivo/a de cuentas,En remoto,30-aug-18
Diseñador Web,En remoto,29-aug-18
Postproductor Animador 2d Junior,En remoto,28-aug-18
Desarrollador Android,En remoto,28-aug-18
Docente para curso de Técnico de Sonido - Especialidad Produc...,En remoto,27-aug-18
React Junior/Senior - Javascript Engineer,En remoto,27-aug-18
Diseñador Gráfico Ps+retoque digital,En remoto,27-aug-18
Editor de vídeo ,En remoto,24-aug-18
Animador 3D,En remoto,24-aug-18
 Diseñador Online,En remoto,24-aug-18
Motion graphics,En remoto,20-aug-18
Fotógrafo con Inglés,En remoto,14-aug-18
Programador/a WordPress para tienda Online,En remoto,10-aug-18
Desarrollador web experto en drupal,En remoto,09-aug-18
Operador de cámara de video ,En remoto,09-aug-18
Diseñador/a Gráfico PS+AE,En remoto,09-aug-18
Desarrollador/a PHP Wordpress,En remoto,08-aug-18
Events manager,En remoto,03-aug-18
Diseñador Gráfico APP´s y Webs,En remoto,02-aug-18
Redactor/a copywriter sector automoción ,En remoto,01-aug-18
Full Stack Developer,En remoto,01-aug-18
Front-End / Back-End,En remoto,30-jul-18
D3.js Expert and WordPress CMS integration,En remoto,30-jul-18
Front-end,En remoto,27-jul-18
Junior Front-End Developer,En remoto,27-jul-18
Ejecutivo de cuentas jr,En remoto,25-jul-18
Copywritter creativo,En remoto,20-jul-18
Project Manager con español y alemán,En remoto,20-jul-18
Profesional SEO/SEM,En remoto,19-jul-18
Gestor/a de Contenidos + Redes Sociales,En remoto,18-jul-18
 Experto/a SEO – Prestashop,En remoto,18-jul-18
Programador web,En remoto,18-jul-18
Freelance Maquetador/Desarrollador Front Web,En remoto,18-jul-18
Programador Backend,En remoto,17-jul-18
Programador Frontend,En remoto,17-jul-18
Maquetador Web ,En remoto,16-jul-18
Patronista,En remoto,13-jul-18
Freelance Writer/Researcher - Remote ,En remoto,13-jul-18
Patronista - Diseño Textil,En remoto,12-jul-18
Especialista SEM,En remoto,11-jul-18
Comunity Manager,En remoto,11-jul-18
Copy con Brasileñ@ nativo para Digital ,En remoto,11-jul-18
Programador freelance Node.js,En remoto,11-jul-18
Country Editor (Spain & Portugal),En remoto,10-jul-18
Animación acciones personaje Robot 3DMax,En remoto,09-jul-18
Diseñador plataformas web / app + ux/ui,En remoto,05-jul-18
Senior Digital Designer,En remoto,04-jul-18
Consultor de Social Media,En remoto,04-jul-18
Programador / Desarrollador Web ,En remoto,03-jul-18
Product App Designer/Manager Senior,En remoto,03-jul-18
Programador/Web/Ingeniero informático,En remoto,02-jul-18
Maquetador Web,En remoto,28-jun-18
Desarrollador Ruby on Rails (RoR),En remoto,27-jun-18
Diseñador - Producción ,En remoto,27-jun-18
Desarrollador .NET,En remoto,26-jun-18
WordPress / Front-end Dev con JS y Sass,En remoto,26-jun-18
Programador Animador banners Html5 y Desarrollo Digital,En remoto,26-jun-18
 PHP Y WordPress,En remoto,25-jun-18
Artista Experto en Pixel Art,En remoto,21-jun-18
Full Stack Software Engineer - (Full time position),En remoto,19-jun-18
Senior Paid Media Specialist,En remoto,18-jun-18
Diseñador/a instruccional ,En remoto,14-jun-18
Diseñador de stands + espacios efímeros,En remoto,14-jun-18
Social Media Manager / Gestor de Contenidos,En remoto,14-jun-18
Consultor/a SEO ,En remoto,12-jun-18
Editor de vídeo y Animador en Motion Graphics,En remoto,12-jun-18
Programador Front End - React Native & Redux,En remoto,12-jun-18
Experto en creación de video,En remoto,12-jun-18
Comercial,En remoto,11-jun-18
Full Stack Developer,En remoto,11-jun-18
Desarrollador/a  Front End ,En remoto,11-jun-18
Diseñador Industrial / Packaging,En remoto,08-jun-18
Programador de campañas dinámicas en HTML5,En remoto,07-jun-18
Consultor/a SEO,En remoto,07-jun-18
Visual Designer,En remoto,07-jun-18
 Full Stack Software Engineer (Full time position),En remoto,06-jun-18
Desarrollador web - Drupal,En remoto,04-jun-18
Programador web,En remoto,04-jun-18
Expert@ SEO/SEM,En remoto,04-jun-18
Content Creator,En remoto,31-may-18
Programador / Maquetador Drupal ,En remoto,31-may-18
Técnico de Marketing Digital,En remoto,29-may-18
Desenvolupador/s WEB,En remoto,29-may-18
Desarrollador Shopify,En remoto,29-may-18
Redactor para contenidos de marca en italiano - Editorial/Visual,En remoto,29-may-18
Diseñador Web,En remoto,28-may-18
Programador en Prestashop,En remoto,28-may-18
Formación transformación digital / metodologías Agile,En remoto,25-may-18
Copywriter with native English (and some Spanish) ,En remoto,24-may-18
Realizador de animaciones 2D para Youtube,En remoto,24-may-18
Operador de cámara,En remoto,23-may-18
Especialista en Marketing Digital,En remoto,23-may-18
Desarrollador Front-end,En remoto,23-may-18
Diseñador Industrial ,En remoto,23-may-18
Diseñador ,En remoto,22-may-18
Motion Graphic - Edición de video,En remoto,22-may-18
Responsable Marketing Digital,En remoto,22-may-18
Ruby on Rails Developer,En remoto,18-may-18
Ilustrador Explainer Videos,En remoto,16-may-18
Programador Front End,En remoto,16-may-18
Diseño de stand - espacios efímeros - eventos,En remoto,14-may-18
Diseñador APP,En remoto,14-may-18
Director de arte,En remoto,11-may-18
SEO / SEM,En remoto,11-may-18
Director de Foto / Operador de cámara ,En remoto,10-may-18
Comercial,En remoto,09-may-18
Programador SCORM ,En remoto,07-may-18
Maquetación y diseño albums de boda,En remoto,03-may-18
Especialista en Email Marketing,En remoto,30-apr-18
Mobile Senior Developer,En remoto,30-apr-18
Desarrollador Android,En remoto,25-apr-18
Community Manager Junior,En remoto,24-apr-18
Diseñador de modelos a Avatares 3D con DAZ3D,En remoto,23-apr-18
Comercial New Business,En remoto,20-apr-18
Desarrollo curso con Articulate de Adobe 360,En remoto,16-apr-18
Web Developer,En remoto,13-apr-18
Comercial / Relaciones públicas,En remoto,12-apr-18
Community Manager,En remoto,12-apr-18
Desarrollador - Programador experto en Wordpress,En remoto,11-apr-18
Social Media Strategist,En remoto,11-apr-18
Diseñador de Stands,En remoto,11-apr-18
Programador/Full stack developer,En remoto,10-apr-18
Programador Web,En remoto,06-apr-18
Director de Cuentas,En remoto,05-apr-18
Desarrollador Web,En remoto,05-apr-18
UI Designer Software/Applications,En remoto,05-apr-18
Diseñador / Desarrollador Front End,En remoto,03-apr-18
Desarrollador Fullstack Javascript ,En remoto,03-apr-18
Animador 3D - VFX - Cinema 4d,En remoto,02-apr-18
Affiliate manager - manager de afiliados multidisciplinar,En remoto,02-apr-18
Senior Frontend Developer,En remoto,27-mar-18
 Android and Ios App programer ,En remoto,22-mar-18
Copy Creativo  Nativo Inglés ,En remoto,22-mar-18
Desarrollador PHP,En remoto,22-mar-18
Diseñador web Senior,En remoto,22-mar-18
Desarrollador Xamarin,En remoto,21-mar-18
Digital Project Manager,En remoto,20-mar-18
Desarrollador apps,En remoto,19-mar-18
Desarrollador IOS/Android/Web,En remoto,16-mar-18
Diseñador/a Web,En remoto,15-mar-18
Marketing online,En remoto,14-mar-18
Front End,En remoto,14-mar-18
Diseñador Gráfico,En remoto,13-mar-18
Diseñador Web Senior,En remoto,12-mar-18
Copywriter ,En remoto,12-mar-18
Asesor pedagógico recursos multimedia,En remoto,12-mar-18
Shopify Front End Developer,En remoto,12-mar-18
Desarrollador JavaScript FullStack,En remoto,09-mar-18
 Native Interviewer,En remoto,08-mar-18
Analista de Mercado y Competencia,En remoto,08-mar-18
Programador experto moodle + Wordpress ,En remoto,07-mar-18
Programador web Wordpress - Woocommerce,En remoto,07-mar-18
Diseñador Web + Wordpress,En remoto,07-mar-18
Videógrafo de bodas,En remoto,06-mar-18
Diseñador web,En remoto,06-mar-18
Copywriter ,En remoto,05-mar-18
Community Manager Alemania,En remoto,05-mar-18
Diseñadores 3D ,En remoto,02-mar-18
Fotógrafo de bodas ,En remoto,02-mar-18
Copywriter ,En remoto,01-mar-18
Diseñador web UX,En remoto,01-mar-18
Comercial para productora audiovisual,En remoto,01-mar-18
Community Manager Bilingüe ,En remoto,01-mar-18
Full Stack Developer,En remoto,27-feb-18
Senior frontend developer - Trading platform,En remoto,27-feb-18
Fotógrafo para Tours Virtuales,En remoto,26-feb-18
Fotógrafo,En remoto,26-feb-18
Desarrollador iOS,En remoto,22-feb-18
Programador Unity3D ,En remoto,21-feb-18
Realizador con conocimientos del vMix,En remoto,20-feb-18
Técnico especializado en proyecciones de Mapping,En remoto,19-feb-18
3D Designer Infoarquitectura fotorrealista,En remoto,19-feb-18
Desarrollador full stack con Java,En remoto,14-feb-18
Country Editor (Spain & Portugal),En remoto,12-feb-18
Animador en HTML5,En remoto,09-feb-18
Director de Arte digital / Marketing Digital Senior,En remoto,08-feb-18
Guionista,En remoto,07-feb-18
Analista Web,En remoto,06-feb-18
Desarrollador Senior en aplicaciones móviles iOS & Android,En remoto,06-feb-18
Graphic & UI Designer for Digital Children Content (Senior Le...,En remoto,06-feb-18
Desarrollador web Prestashop,En remoto,05-feb-18
Diseñador/a gráfico + web,En remoto,01-feb-18
Desarrollador front-end,En remoto,01-feb-18
Desarrollador WordPress + Apps Móvil,En remoto,31-jan-18
Técnico en localizaciones,En remoto,30-jan-18
Country Digital Marketing Manager (Spanish markets) ,En remoto,24-jan-18
Programador/Desarrollador Wordpress Junior,En remoto,24-jan-18
Desarrollador Web Back & Front,En remoto,22-jan-18
Programador,En remoto,22-jan-18
Creative front-end developer,En remoto,18-jan-18
Diseñador industrial con Catia,En remoto,18-jan-18
Experto en Publicidad Online/ Creador de Funnels de Venta,En remoto,14-jan-18
FEELANCE Desarrollador/a HTML5 con Adobe Animate (e-learning),En remoto,11-jan-18
Maquetador - React,En remoto,11-jan-18
Desarrollador Web,En remoto,09-jan-18
Experto en SEO Off Page y linkbuilding,En remoto,05-jan-18
Fotógrafo para Tours Virtuales,En remoto,05-jan-18
SEM Specialist,En remoto,03-jan-18
Diseñador Gráfico,En remoto,03-jan-18
UX/UI designer,En remoto,03-jan-18
Traductor/a web,En remoto,02-jan-18
Community Manager,En remoto,02-jan-18
Locutor de vídeo (castellano y catalán),En remoto,29-dec-17
Programador,En remoto,29-dec-17
Diseñador Visual,En remoto,29-dec-17
Ayudante Técnico de postproducción ,En remoto,22-dec-17
Programador Magento,En remoto,20-dec-17
Desarrollador iOS,En remoto,19-dec-17
Fotógrafo Soria,En remoto,15-dec-17
Locutor de video corporativo web,En remoto,13-dec-17
CSS / Wordpress,En remoto,11-dec-17
Gestor de contenidos Wordpress  (DIVI) - Woocommerce,En remoto,07-dec-17
Full Stack Developer,En remoto,05-dec-17
Ilustrador lettering/caligrafía,En remoto,05-dec-17
Operador de cámara en Alicante o alrededores,En remoto,04-dec-17
Fotógrafo Teruel,En remoto,01-dec-17
Desarrollador Apps,En remoto,01-dec-17
Ilustrador/a,En remoto,30-nov-17
Webmaster y desarrollador Drupal,En remoto,30-nov-17
Videógrafo (de bodas),En remoto,30-nov-17
Animador de personajes 3D,En remoto,29-nov-17
Especialista en WooCommerce,En remoto,28-nov-17
FullStack Developer (NodeJS PHP),En remoto,28-nov-17
Experto en Fb Ads,En remoto,27-nov-17
Food Stylist / Estilista gastronómico / Diseñador de eventos ...,En remoto,27-nov-17
Fotógrafo Menorca,En remoto,27-nov-17
Posproducción Digital ,En remoto,27-nov-17
Generalista 3D / Motion Graphics,En remoto,27-nov-17
Operador Nuke Senior,En remoto,27-nov-17
Profesor SQL Server,En remoto,24-nov-17
Desarrollador Web/Wordpress Plugin a Medida,En remoto,23-nov-17
 Diseñador Online - Prácticas,En remoto,22-nov-17
Fotógrafo Donosti - San Sebastián - Motrico,En remoto,21-nov-17
Programador Senior Prestashop,En remoto,20-nov-17
Especialista en Composición y 3D,En remoto,20-nov-17
Programador Senior PHP,En remoto,20-nov-17
Programador ,En remoto,20-nov-17
Diseñador UX/UI ,En remoto,17-nov-17
Fotógrafo ,En remoto,16-nov-17
Front-end developer ,En remoto,16-nov-17
Web Developer - Html5/CSS3/PHP/JS,En remoto,15-nov-17
2D & 3D Motion Grapher,En remoto,15-nov-17
Desarrollador/Programador Senior Full Stack para Web,En remoto,14-nov-17
Dibujante / Storyboard ,En remoto,09-nov-17
Programador Freelance OpenERP / Python,En remoto,07-nov-17
Senior frontend developer - Trading platform,En remoto,07-nov-17
Administrativo/a — Contable,En remoto,07-nov-17
Programador Unreal Engine 4,En remoto,06-nov-17
Confección/Patronista,En remoto,06-nov-17
Diseñador gráfico / maquetador,En remoto,06-nov-17
Programador Web Magento ,En remoto,05-nov-17
Digital Web Designer,En remoto,05-nov-17
Fotógrafo con Inglés,En remoto,02-nov-17
Fotógrafo de producto freelance,En remoto,02-nov-17
Programador Unity 3D,En remoto,31-oct-17
Programador Web ,En remoto,27-oct-17
Maquetadores de Storyline 2,En remoto,25-oct-17
Diseñador & Maquetador Web,En remoto,23-oct-17
Desarrollo con GSuite,En remoto,23-oct-17
Retail Producer / Productor retail,En remoto,23-oct-17
Programador Prestashop,En remoto,20-oct-17
Desarrollador PHP-Magento,En remoto,20-oct-17
Infografista,En remoto,20-oct-17
Maquetador HTML,En remoto,18-oct-17
Shopify Frontend Developer,En remoto,18-oct-17
Proyecto iOS,En remoto,17-oct-17
Fotógrafo Ibiza,En remoto,17-oct-17
Web Developer (Wordpress),En remoto,16-oct-17
Fotógrafo Tarragona,En remoto,16-oct-17
Desarrollador .Net C# y/o SQLServer,En remoto,13-oct-17
Desarrollador Javascript,En remoto,11-oct-17
Desarrollador React Native para app Android,En remoto,09-oct-17
Fotógraf@,En remoto,09-oct-17
Programador HTML CSS,En remoto,05-oct-17
Operador de cámara con experiencia en bodas,En remoto,04-oct-17
Developer,En remoto,03-oct-17
Modelador 2D/3D  sketchup + vray ,En remoto,03-oct-17
Graphic designer,En remoto,28-sep-17
Senior Frontend Engineer,En remoto,28-sep-17
Senior Backend Engineer,En remoto,28-sep-17
Montador de vídeo y colorista,En remoto,27-sep-17
DevOps / Administrador de sistemas,En remoto,27-sep-17
Diseñador app ios/android,En remoto,26-sep-17
Desarrollador de aplicaciones móviles - apps,En remoto,25-sep-17
Delineante CAD para planos montaje stand,En remoto,22-sep-17
Community Manager,En remoto,21-sep-17
Programador especialista en WordPress,En remoto,21-sep-17
Profesor experto en Angular,En remoto,20-sep-17
Drupal Developer / Desarrollador Drupal,En remoto,19-sep-17
Especialista en WooCommerce,En remoto,19-sep-17
Formador/a (PHP/Mysql/Javascript/Linux/etc.),En remoto,18-sep-17
Programador Java j2ee,En remoto,18-sep-17
App móvil (Android Y IOS),En remoto,18-sep-17
Web Desinger,En remoto,15-sep-17
Community manager,En remoto,14-sep-17
Director/a de Arte,En remoto,13-sep-17
Desarrollador Web especialista en Shopify,En remoto,12-sep-17
Maquetador editorial,En remoto,07-sep-17
Color grading - etalonaje,En remoto,07-sep-17
Diseñador UI / UX ,En remoto,07-sep-17
Modelador 3D (Cinema 4D / zbrush),En remoto,06-sep-17
Content Writer with SEO,En remoto,05-sep-17
Diseñador ,En remoto,04-sep-17
Operador de Cámara,En remoto,04-sep-17
Diseño web,En remoto,31-aug-17
Desarrollador IoT,En remoto,31-aug-17
Programador .NET,En remoto,31-aug-17
Dissenyador/a ,En remoto,29-aug-17
Director de Arte / Diseñador Gráfico,En remoto,29-aug-17
Compositor Nuke,En remoto,28-aug-17
Docente Phonegap,En remoto,24-aug-17
Desarrollador creativo/html5,En remoto,23-aug-17
Animador/a After Effects,En remoto,22-aug-17
Desarrollador de iOS,En remoto,18-aug-17
Associate Producer for animated series,En remoto,17-aug-17
Maquetador Diseñador Senior HTML5/CSS3&/JS,En remoto,14-aug-17
Cámara con equipo propio,En remoto,11-aug-17
Maquetador y Diseñador Gráfico,En remoto,11-aug-17
Diseñador/a textil,En remoto,10-aug-17
UX UI design,En remoto,31-jul-17
Online Advertising Specialist,En remoto,28-jul-17
Diseñador/a senior UI/UX ,En remoto,25-jul-17
Web Developer – InsurTech,En remoto,25-jul-17
Programador php con conocimientos avanzados de WordPress,En remoto,25-jul-17
Responsable Proyectos - Arquitecto Retail,En remoto,24-jul-17
Desarrollador de apps Android e iOS,En remoto,24-jul-17
Desarrollador back-end o fullstack,En remoto,24-jul-17
Desarrollador/a de app ,En remoto,21-jul-17
Community Manager - Copy Creativo,En remoto,21-jul-17
Innovation Business Devoloper,En remoto,21-jul-17
Diseñador/a gráfico / web,En remoto,20-jul-17
 Analista Web,En remoto,20-jul-17
Desarrolador web,En remoto,18-jul-17
Programador .NET con C# ,En remoto,18-jul-17
Maquetador/Diseñador Cursos online (HTML5-CSS3-JS),En remoto,17-jul-17
Fotógrafo,En remoto,17-jul-17
Operador de cámara-Realizador-Motion,En remoto,14-jul-17
Fotógrafo Valencia,En remoto,13-jul-17
Diseñador/a y desarrollador/a web (Frontend y Backend),En remoto,10-jul-17
Programador Front End,En remoto,06-jul-17
Digital Product Designer,En remoto,03-jul-17
Modelador 3D Freelance,En remoto,03-jul-17
Copywriter Portugués nativo/a,En remoto,30-jun-17
Comercial ,En remoto,29-jun-17
Operador de cámara boda,En remoto,26-jun-17
Programador web en Opencart,En remoto,26-jun-17
Desarrollador Front End,En remoto,21-jun-17
Programador en Prestashop,En remoto,20-jun-17
Home Economist / Food Stylist,En remoto,20-jun-17
Desarrollador android,En remoto,16-jun-17
Native russian Copywriter ,En remoto,16-jun-17
Full Stack Developer,En remoto,15-jun-17
Redactor,En remoto,14-jun-17
Diseñador gráfico/web,En remoto,13-jun-17
Marketing - Prácticas,En remoto,13-jun-17
Community Manager Senior,En remoto,13-jun-17
Fotógrafo/a de interiores,En remoto,12-jun-17
Programador de Aplicaciones Híbridas,En remoto,12-jun-17
Desarrollador PHP,En remoto,12-jun-17
Grafista,En remoto,12-jun-17
Editor/a de vídeo,En remoto,12-jun-17
Piloto de Drone,En remoto,08-jun-17
Digital Illustrator,En remoto,08-jun-17
Realizador,En remoto,07-jun-17
Diseñador gráfico ,En remoto,07-jun-17
Desarrollador web,En remoto,07-jun-17
Modelador/a 3D,En remoto,01-jun-17
Dissenyador/a banners HTML5,En remoto,31-may-17
Desarrollador Front-end / e-Learning,En remoto,31-may-17
Diseñador / Maquetador Powerpoint / Articulate,En remoto,30-may-17
Diseñador / Maquetador,En remoto,30-may-17
Diseñador web e-commerce Prestashop y Woocommerce,En remoto,25-may-17
Diseñador gráfico / web ,En remoto,24-may-17
Maquetador html5  bootstrap,En remoto,23-may-17
Diseñador/Programador/Maquetador Front/Back–End Senior ,En remoto,22-may-17
Fotógrafo interiores con equipo 360º,En remoto,19-may-17
Redactor(a) experto(a) en temática compras en China y tecnolo...,En remoto,19-may-17
Fotógrafo interiores,En remoto,19-may-17
Desarrollador iOS (Swift ),En remoto,18-may-17
Community Manager ,En remoto,17-may-17
Experto en Prestashop,En remoto,16-may-17
Diseñador Gráfico,En remoto,11-may-17
Profesor/a Autodesk 3D studio Max,En remoto,10-may-17
Community Manager nativo Francés,En remoto,10-may-17
Comercial/Ejecutivo de Cuentas,En remoto,08-may-17
SEO,En remoto,08-may-17
Responsable Marketing Digital,En remoto,08-may-17
Wordpress & Front-end Developer,En remoto,05-may-17
Ingeniero Electrónico [Diseño PCB | Desarrollador Firmware],En remoto,05-may-17
Full Stack Developer,En remoto,04-may-17
SEM SEO,En remoto,04-may-17
Fotógrafos y videógrafos,En remoto,04-may-17
Programador/Prestashop,En remoto,27-apr-17
Junior Web & Graphic Designer,En remoto,26-apr-17
Senior designer,En remoto,26-apr-17
Web Designers,En remoto,25-apr-17
Comercial,En remoto,24-apr-17
Desarrollador Shopify,En remoto,19-apr-17
Senior Art Director,En remoto,19-apr-17
Senior Creative Copy,En remoto,19-apr-17
Strategic Planner,En remoto,19-apr-17
Digital Strategist (English is a must),En remoto,18-apr-17
Programador,En remoto,17-apr-17
Desarrollador Front/Back Web,En remoto,12-apr-17
Desarrollador Web,En remoto,12-apr-17
Diseñador WordPress,En remoto,11-apr-17
Dev Ops Engineer,En remoto,10-apr-17
Full Stack Web Developer,En remoto,10-apr-17
Front End Developer ,En remoto,10-apr-17
Desarrollador web en ruby on rails,En remoto,10-apr-17
VFX Producer,En remoto,07-apr-17
Fotógrafo para Tours Virtuales,En remoto,06-apr-17
Proyecto en Camtasia,En remoto,05-apr-17
Desarrollador Umbraco,En remoto,04-apr-17
Lingüista,En remoto,04-apr-17
Planificador de Medios,En remoto,03-apr-17
Diseñador/a Packaging,En remoto,31-mar-17
Diseñador eCommerce,En remoto,29-mar-17
Social media manager,En remoto,28-mar-17
Programador Drupal,En remoto,28-mar-17
Desarrollador Joomla - MicroSite ,En remoto,24-mar-17
Ejecutivo cuentas / new business,En remoto,22-mar-17
Community Manager - Creativo,En remoto,22-mar-17
Desarrollador de aplicaciones para Android e iOS,En remoto,21-mar-17
FE Developer for Media Display campaigns,En remoto,20-mar-17
Diseñador gráfico,En remoto,20-mar-17
Experto en SEO,En remoto,17-mar-17
Manager de Marketing Junior,En remoto,17-mar-17
Especialista cinema 4D,En remoto,13-mar-17
Desarrollador IOS,En remoto,13-mar-17
Animación / Motion Graphics,En remoto,10-mar-17
Diseñador web y gráfico,En remoto,10-mar-17
Desarrollador Front-End,En remoto,07-mar-17
Diseñador / Programador Prestashop,En remoto,07-mar-17
Comercial Audiovisual,En remoto,07-mar-17
Comercial para eventos,En remoto,06-mar-17
Comercial Audiovisual,En remoto,06-mar-17
Desarrollador web / e-commerce ,En remoto,06-mar-17
Programador Web,En remoto,27-feb-17
Desarrollador PHP / WP,En remoto,21-feb-17
Diseñador(a) Gráfico On/Off ,En remoto,20-feb-17
Técnico - Analista SEO/SEM,En remoto,15-feb-17
Desarrollador APPs Android /iOS,En remoto,15-feb-17
Programador de código,En remoto,14-feb-17
Desarrollo proyecto android,En remoto,14-feb-17
Community Manager freelance especializado en deportes,En remoto,08-feb-17
Diseñador Gráfico Freelance en Barcelona,En remoto,08-feb-17
Diseñador Industrial de producto,En remoto,07-feb-17
UI/UX Designer,En remoto,07-feb-17
Creative talents across multiple disciplines,En remoto,07-feb-17
3D Artist / CG Architect,En remoto,01-feb-17
 Diseñador gráfico especializado en web,En remoto,30-jan-17
Retocador fotográfico SENIOR,En remoto,30-jan-17
Comercial / Ventas,En remoto,27-jan-17
Diseñador Moda ,En remoto,24-jan-17
Animador 2D en Flash,En remoto,16-jan-17
Backend Engineer,En remoto,09-jan-17
Front-end Developer,En remoto,09-jan-17
Agente/Comercial,En remoto,05-jan-17
Diseñador/Programador Web,En remoto,04-jan-17
Modelador 3D - Riggeador Cinema 4D,En remoto,04-jan-17
Desarollador PHP senior CometChat / ArrowChat,En remoto,21-dec-16
Desarrollador web freelance,En remoto,20-dec-16
Software Architect,En remoto,16-dec-16
Frontend Web Developer,En remoto,14-dec-16
Desarrollador PHP/Woocommerce,En remoto,13-dec-16
Adwords Smart Bidding Manager,En remoto,12-dec-16
Diseñador web - Front-End,En remoto,12-dec-16
Programador Senior PHP,En remoto,02-dec-16
Periodista de Televisión,En remoto,01-dec-16
Freelance Desarrollador Apps Facebook,En remoto,30-nov-16
Desarrollador de banners HTML5 freelance,En remoto,29-nov-16
 Diseñador especialista Packaging - Arte finalista,En remoto,25-nov-16
3D Artist / CG Architect,En remoto,25-nov-16
Diseñador UX,En remoto,24-nov-16
Community Manager,En remoto,24-nov-16
Director de Arte Freelance,En remoto,24-nov-16
Programador Experto en Javascript,En remoto,22-nov-16
Freelance Comunicación y Prensa,En remoto,17-nov-16
Programador / Diseñador web ,En remoto,16-nov-16
Programador Unity,En remoto,15-nov-16
Diseñador/Programador Web ,En remoto,14-nov-16
Diseñador/Maquetador web,En remoto,11-nov-16
Programador Freelance PHP MySQL HTML jQuery CSS,En remoto,09-nov-16
Agente Comercial,En remoto,07-nov-16
Diseñador Front Shopify,En remoto,04-nov-16
Maquetador,En remoto,04-nov-16
Diseñador gráfico-web | Creativo,En remoto,03-nov-16
Programador Prestashop,En remoto,02-nov-16
Desarrollador PHP5 + Zend Framework 1.1. Addons Xenforo.,En remoto,27-oct-16
Agentes comerciales,En remoto,27-oct-16
Android developer,En remoto,24-oct-16
Desarrollador Senior Móvil (iOS & Android + Webservices),En remoto,21-oct-16
Desarrollador Front-End,En remoto,19-oct-16
Creativo Visual,En remoto,17-oct-16
Comercial (Publicidad & Animación),En remoto,17-oct-16
Desarrollador web con conocimientos avanzados en PHP,En remoto,14-oct-16
Diseñador programador web Freelance,En remoto,13-oct-16
Desarrollador de Software,En remoto,11-oct-16
Desarrollador web Front-end - Senior,En remoto,10-oct-16
Full Stack Ruby on Rails Developer,En remoto,07-oct-16
Diseñador Desarrollador Maquetador,En remoto,06-oct-16
Desarrollador Senior de Aplicaciones Móviles,En remoto,06-oct-16
Comercial para estudio creativo y de desarrollo,En remoto,06-oct-16
Experto en Magento,En remoto,05-oct-16
Content SEO Researcher ,En remoto,04-oct-16
Interiorista,En remoto,04-oct-16
Desarrollo App ofertas flash para empresas,En remoto,27-sep-16
Técnico especialista en Google Adwords,En remoto,20-sep-16
Diseñador Gráfico,En remoto,20-sep-16
MDM Architect,En remoto,20-sep-16
PIM Architect,En remoto,20-sep-16
Programador web,En remoto,20-sep-16
Programador Prestashop,En remoto,20-sep-16
Comercial con experiencia en el sector de la publicidad. ,En remoto,20-sep-16
Redactor de contenidos SEO,En remoto,16-sep-16
Programador,En remoto,15-sep-16
Maquetador con idioma árabe escrito,En remoto,14-sep-16
Technology Manager,En remoto,14-sep-16
Illustrator / Flat illustration,En remoto,13-sep-16
Diseñador Maquetador Senior HTML + CSS + JS + Bootstrap,En remoto,12-sep-16
UX Designer,En remoto,08-sep-16
Desarrollador Web Full Stack Php,En remoto,08-sep-16
Modelador@ 3D,En remoto,07-sep-16
Técnico de Captación Digital y Telemarketing,En remoto,07-sep-16
Project Manager - Stands feriales,En remoto,05-sep-16
Diseñador Web Senior / Junior,En remoto,05-sep-16
Desarrollador web - October CMS / Laravel PHP,En remoto,02-sep-16
Community manager nativo Inglés,En remoto,01-sep-16
Diseñador 3D Senior,En remoto,30-aug-16
Android Developer ,En remoto,22-aug-16
Desarrollador(es) Aplicaciones Web / Móviles (iOS&Android) Na...,En remoto,22-aug-16
Comercial,En remoto,19-aug-16
Diseño de producto - Freelance,En remoto,17-aug-16
Experto/a en UX,En remoto,16-aug-16
Freelance de Aplicaciones Móviles (iOS & Android),En remoto,12-aug-16
Director de Arte / Diseñador,En remoto,11-aug-16
Copy Creativo,En remoto,10-aug-16
Programador iOS Senior - Freelance,En remoto,09-aug-16
Desarrollador web – Full stack web developer,En remoto,09-aug-16
Desarrollador web - Backend developer (Big data) ,En remoto,09-aug-16
Desarrolladores Javascript con Angular ,En remoto,29-jul-16
Redactor para sección de tecnología,En remoto,24-jul-16
Diseñador Gráfico y Maquetador Web,En remoto,21-jul-16
Diseñador / Programador para demo de juego ,En remoto,21-jul-16
Representante Comercial,En remoto,21-jul-16
Infografista 3D / 3D Digital Artist / 3D Archtectural visuali...,En remoto,21-jul-16
Especialista en Marketing Online,En remoto,15-jul-16
Desarrollador de Aplicaciones Móviles (iOS & Android),En remoto,14-jul-16
Redactor Jefe,En remoto,14-jul-16
Account Manager [VR],En remoto,13-jul-16
Editor/a - Postproductor/a,En remoto,11-jul-16
Jefe/a de Producción,En remoto,11-jul-16
Comercial,En remoto,06-jul-16
Beca Diseño Gráfico,En remoto,04-jul-16
Polymer Developer,En remoto,29-jun-16
Ingeniero de Calidad Software,En remoto,29-jun-16
Backend Developer,En remoto,29-jun-16
Desarrollador Unity - Realidad Virtual,En remoto,28-jun-16
Front-End developer (Foundation - Responsive Mobile),En remoto,23-jun-16
Copywriter (especialidad Programación Web/eCommerce),En remoto,16-jun-16
Diseño y maquetación de presentaciones e infografías,En remoto,14-jun-16
Programador html dinámico,En remoto,14-jun-16
Creative/Communication for a Newsletter,En remoto,13-jun-16
Content and Community Manager Assistant,En remoto,09-jun-16
SEO junior,En remoto,09-jun-16
Comercial & Ventas,En remoto,08-jun-16
Experto  Unity 3D modelado y animación 3D,En remoto,07-jun-16
Analista Programador PHP Experto YII,En remoto,07-jun-16
Desarrollador app javascript + html5,En remoto,07-jun-16
Diseñadores UX/UI Freelance,En remoto,12-apr-16
Maquetadores frontend freelance,En remoto,12-apr-16
Desarrollador Frontend Freelance,Remoto,12-jan-16
Desarrollador nativo apps móviles,Remoto,12-jan-16
Artista 2D,En remoto,16-dec-15
Animador Explainer videos,En remoto,26-nov-15
Desarrollador de PHP con conocimientos de Frameworks,Remoto,06-nov-15
Maquetador web,En remoto,14-sep-15
Desarrollador freelance PHP/JavasScript ,En remoto,20-may-15
Freelance (remote-work) Frontend Developer / HTML5 Bootstrap ...,Remoto,20-apr-15
French German and Italian software developers needed for tes...,remoto,18-feb-15
Diseñador Junior Freelance ,Remoto,18-sep-14
Desarrollador Ruby on Rails,Irrelevante -Trabajo remoto-,19-may-14
Desarrollador experto en WordPress ,Irrelvante -Trabajo remoto-,19-may-14
Traductor nativo a ENG para publicación online,En remoto,08-may-14
Freelancer / Programador PHP,En remoto,28-dec-13
Frontend Developer Freelance,En remoto,24-dec-13
Gráfico-Ilustrador Senior,En remoto,18-jun-13
Formador experimentado en grafismo audiovisual para publicida...,En remoto,16-jun-13
Formador experimentado en Cinema 4D,En remoto,16-jun-13
Formador de infoarquitectura 3D con Autodesk 3ds Max y V-Ray,En remoto,16-jun-13
Formador experimentado en Autodesk MotionBuilder,En remoto,16-jun-13
Formador experimentado en Autodesk Mudbox,En remoto,16-jun-13
Programador experto en Wordpress,En remoto,10-jun-13
Profesional freelance para SEO (Posicionamiento Web),En remoto,06-may-13
Desarrollador Banner HTML5,En remoto,26-apr-13
Colaborador/uploader para web de vídeos de entretenimiento,En remoto,24-apr-13
Diseñador y/o ilustrador (apps),En remoto,18-apr-13
Programador freelance Shopify,En remoto,17-apr-13
Programador (apps multiplataforma),En remoto,16-apr-13
Artista especializado en software Maya y otros softwares,En remoto,25-mar-13
Programador freelance Drupal Wordpress e-commerce,En remoto,11-mar-13
Ilustrador para proyecto de imágenes en camafeos,En remoto,01-mar-13
Programador experto en prestashop,En remoto,27-feb-13
Director de arte online,En remoto,21-feb-13
Colaborador Mensual para Diseños Web,En remoto,18-feb-13
Modelador ,En remoto,16-feb-13
Dibujante y Animador 2D,En remoto,15-feb-13
Programador web,En remoto,13-feb-13
Busco programador OpenCart,En remoto,22-jan-13
Diseñador Web para Startup,En remoto,18-jan-13
Freelance Motion Grapher (2 perfíles),En remoto,13-jan-13
programador web freelance ,En remoto,11-jan-13
Digital Designer/Art Director,En remoto,07-jan-13
Perfiles PHP para trabajar en Alemania,En remoto,26-dec-12
Perfiles Java para Alemania,En remoto,26-dec-12
Animacion Flash y dibujo - Video invitacion,En remoto,19-dec-12
Diseñador para trabajo puntual,En remoto,04-dec-12
Programador Junior Cobol/Natural,En remoto,30-nov-12
Programador web,En remoto,24-nov-12
Fotógrafo Autónomo/Freelance La Coruña,En remoto,22-nov-12
Programador Cobol db2 cics,En remoto,21-nov-12
Software Development Engineer - iOS,En remoto,12-nov-12
Traductores nativos de alemán freelance para contenidos de ho...,En remoto,12-nov-12
Animador gráfico,En remoto,09-nov-12
Desarrollador para aplicación de diseño vectorial (tipográfico),En remoto,29-oct-12
Diseñador de Moda Senior - Plana,En remoto,25-oct-12
especialista en SEO SMM y SEM ,En remoto,17-oct-12
Desarrollador iOs freelance para proyecto puntual,En remoto,17-oct-12
Developer App android/iphone,En remoto,15-oct-12
diseñador online freelance,En remoto,04-oct-12
Desarrolladores apps,En remoto,25-sep-12
Diseñador / Maquetador web,En remoto,23-aug-12
FORMADOR CON EXPERIENCIA EN SMOKE ,En remoto,21-jul-12
Diseñadores gráficos,En remoto,09-jul-12
Programador Freelance Magento,En remoto,07-jul-12
Director de Arte On-line ,En remoto,02-jul-12
Desarrollador de Pdfs,En remoto,02-jul-12
Desarrollador web PHP Freelance,En remoto,28-jun-12
Programador,En remoto,27-jun-12
Prolancer - Projecto para Interaction Designer,Remoto,19-jun-12
Cambios en plantilla Wordpress,En remoto,10-jun-12
Ejecutivo de Ventas Freelance ,En remoto,04-jun-12
Community Managers Social Media Strategist especialidad MÚSICA,En remoto,04-jun-12
Creative English Copywriter,En remoto,04-jun-12
Programador CS3 PHP,En remoto,28-may-12
Desarrollador IOS / Android,En remoto,23-may-12
Programador web,En remoto,22-may-12
Programador,En remoto,11-may-12
Community Manager,En remoto,11-may-12
Emailing Manager,En remoto,11-may-12
Diseñador de motion graphics ,En remoto,22-mar-12
Web Developer Senior,En remoto,21-mar-12
Programador PHP,En remoto,20-mar-12
Diseñador freelance,En remoto,14-mar-12
Programadores web especialistas en CMS (freelance),En remoto,13-mar-12
Diseñador Experiencia de Usuario,En remoto,12-mar-12
Diseñador Vectorial Infantil,En remoto,08-mar-12
Ilustrador /Pintor freelance Urgente,En remoto,16-feb-12
Diseñador/programador Apps,En remoto,10-feb-12
Business Intelligence Manager ,En remoto,08-feb-12
Community Manager,En remoto,26-jan-12
Desarrollador web,En remoto,26-jan-12
Programador Freelance Zend Framework,En remoto,20-jan-12
Diseñador Gráfico + Marketing,En remoto,17-jan-12
comercial páginas web,En remoto,17-jan-12
Colaborador freelance,En remoto,09-jan-12
Comercial freelance,En remoto,04-jan-12
Programador AS3,En remoto,04-jan-12
Freelance Unity3D,En remoto,27-dec-11
Trabajo freelance en php y javascript,En remoto,24-dec-11
PROGRAMADOR WEB,En remoto,22-dec-11
Programador front/back para web móvil,En remoto,13-dec-11
Programador Web Freelance,En remoto,13-dec-11
Redactor magazine hip hop online,En remoto,12-dec-11
Diseñador Web,En remoto,07-dec-11
Director de arte online. Prácticas,En remoto,07-dec-11
comercial,En remoto,07-dec-11
Oferta Cerrada,En remoto,01-dec-11
Buscamos Maquetador Web (HTML+CSS) Freelance,En remoto,28-nov-11
SE NECESITA DISEÑADOR WEB,En remoto,25-nov-11
Programador/a Web HTML 2.0,En remoto,22-nov-11
SEO,En remoto,18-nov-11
Programador y diseñador gráfico,En remoto,18-nov-11
Se necesita Blogger con o sin experiencia para escribir sobre...,En remoto,18-nov-11
Compartir estudio en La Latina/Madrid,En remoto,14-nov-11
Diseñador Gráfico,En remoto,11-nov-11
espacio compartido/puesto de trabajo (alquiler) ,En remoto,10-nov-11
Técnico de Recursos Humanos,En remoto,09-nov-11
Buscamos desempleados,En remoto,08-nov-11
Diseñador Gráfico / Web,En remoto,07-nov-11
Buscamos animadores freeland para pelicula de animación,En remoto,04-nov-11
Manager RR.HH,En remoto,04-nov-11
Comercial Freelance,En remoto,04-nov-11
Ilustrador,En remoto,03-nov-11
Redactor de música online,En remoto,03-nov-11
Buscamos personas interesadas en formarse,En remoto,02-nov-11
colaborador,En remoto,31-oct-11
¿Desempleado? Photoshop CS5 gratis,En remoto,26-oct-11
Internship: Human Resources,En remoto,26-oct-11
Community Manager Internship,En remoto,26-oct-11
Programador ios ipad iphone,En remoto,25-oct-11
Programador/a PHP para módulo Drupal,En remoto,25-oct-11
Diseñador Gráfico / Web,En remoto,25-oct-11
Buscamos instructor de curso de Prevención de Riesgos Laborales,En remoto,24-oct-11
Buscamos instructor para cursos en INGLÉS,En remoto,24-oct-11
PROGRAMADOR (freelance),En remoto,20-oct-11
¿Desempleado? Realiza cursos gratis,En remoto,20-oct-11
TCh busca desempleados,En remoto,19-oct-11
Partner en diseño web y grafica,En remoto,19-oct-11
comercial,En remoto,18-oct-11
Seguimos buscando desempleados para formarlos gratis,En remoto,17-oct-11
Programodor Prestashop (10 tiendas virtuales),En remoto,17-oct-11
Desarrollo web,En remoto,12-oct-11
Diseñador Junior en Madrid,En remoto,11-oct-11
Buscamos desempleados para formarlos gratis!!,En remoto,10-oct-11
comercial,En remoto,10-oct-11
Diseñador Gráfico,En remoto,09-oct-11
Animador Flash para video con difusión,En remoto,09-oct-11
Desarrollo de aplicaciones para iPhone redes sociales ... bu...,En remoto,07-oct-11
Graphic Designers with HTML/XML Experience WANTED!,En remoto,06-oct-11
Sound Design Music Production &amp; Audio Postpo,En remoto,06-oct-11
Sound Design Music Production &amp; Audio Postpo,En remoto,06-oct-11
comercial,En remoto,05-oct-11
Seguimos buscando desempleados para formarlos gratis,En remoto,05-oct-11
Desarrollador aplicación movil tipo GROUPON,En remoto,04-oct-11
Diseñador Gráfico / Web,En remoto,04-oct-11
Buscamos desempleados para formarlos gratis!!,En remoto,03-oct-11
Comercial freelance,En remoto,03-oct-11
Persona que me busque clientes a cambio de un porcentaje del ...,En remoto,30-sep-11
Redactor en La Rueda Creativa,En remoto,29-sep-11
Diseñador Gráfico / Web,En remoto,29-sep-11
Buscamos desempleados para formarlos gratis!!,En remoto,29-sep-11
Diseñadores digitales y copy creativos,En remoto,26-sep-11
Comercial Freelance o autónomo,En remoto,26-sep-11
Comercial,En remoto,26-sep-11
Diseñador Gráfico / Web,En remoto,26-sep-11
Programador Flash,En remoto,25-sep-11
Desarrollador android / iPhone freelance,En remoto,23-sep-11
Programador APP smartphone,En remoto,23-sep-11
Desarrollador Multitouch,En remoto,22-sep-11
comercial web,En remoto,22-sep-11
Comercial web,En remoto,20-sep-11
Diseñador Multimedia,En remoto,20-sep-11
comercial para web,En remoto,20-sep-11
comercial para web,En remoto,19-sep-11
PROGRAMADOR FLASH (AS3 Y AS2) FREELANCE,En remoto,17-sep-11
Becario Community Manager,En remoto,16-sep-11
Comercial Freelance,En remoto,16-sep-11
Programador Front-end multimedia,En remoto,15-sep-11
Buscamos formador online para curso de &quot;Oracle SOA Suite...,En remoto,15-sep-11
comercial,En remoto,15-sep-11
Comercial web,En remoto,14-sep-11
Profesor cursos online Office 2007 en euskera,En remoto,13-sep-11
Redactores para blog tecnológico/empresarial sin o con experi...,En remoto,12-sep-11
Busco programador web en madrid,En remoto,10-sep-11
Técnico de Marketing,En remoto,09-sep-11
Comercial Freelance,En remoto,08-sep-11
Busco Colaborador Freelance para proyecto WEB.Málaga,En remoto,05-sep-11
Busco Colaborador para proyecto WEB.,En remoto,05-sep-11
Comercial freelance,En remoto,02-sep-11
programados as3 / flex,En remoto,02-sep-11
Instructores para grabar cursos-videotutoriales de Microsoft ...,En remoto,01-sep-11
Diseñador Gráfico / Web.,En remoto,01-sep-11
Ilustrador para cartel de cortometraje,En remoto,31-aug-11
Profesor cursos online Office 2007 en euskera.,En remoto,31-aug-11
Profesor cursos online Office 2007 en euskera,En remoto,30-aug-11
Redactor / Gestor de Contenidos Brasil,En remoto,29-aug-11
Profesor Freelance Mac OS X Support Essentials,En remoto,29-aug-11
Profesores de Inglés con experiencia acreditada en E-learning,En remoto,25-aug-11
Profesores de Inglés con experiencia acreditada en E-learning,En remoto,24-aug-11
Comercial Freelance Arte Digital,En remoto,24-aug-11
Programador sugar CRM,En remoto,10-aug-11
Diseñador gráfico y diseñador web (freelance),En remoto,04-aug-11
DISEÑADOR/PROGRAMADOR FREELANCE / AUTONOMO,En remoto,03-aug-11
Ilustradores FREELANCE,En remoto,30-jul-11
Desarrollo de app webcam &amp; escritorio,En remoto,28-jul-11
Diseñador Gráfico / Web.,En remoto,28-jul-11
Estilista Moda,En remoto,26-jul-11
Freelance Motion Graphic Designers,En remoto,20-jul-11
Diseñador/a Plana -Tordera (Barcelona),En remoto,18-jul-11
Diseñador/a Moda Joven en Tricotosa - Tordera (Barcelona) ,En remoto,18-jul-11
Diseñador/a Senior Tricotosa - Oficina de Diseño - Barcelona ,En remoto,18-jul-11
Ilustrador de Moda - Maresme (Barcelona) ,En remoto,18-jul-11
Copy (perfil periodístico),En remoto,14-jul-11
Desarrollador-programador flash/Actionscript,En remoto,13-jul-11
Cuidado con un tal Fred Silverknocks,En remoto,13-jul-11
Diseñador Gráfico / Web.,En remoto,12-jul-11
Creativo freelance habla inglesa,En remoto,12-jul-11
Community Manager H.R Copy Event Organizer,En remoto,08-jul-11
Profesor Freelance Mac OS X Support Essentials.,En remoto,07-jul-11
Ilustrador,En remoto,04-jul-11
Urgente Técnico de Iluminación para corto en Valencia (No rem...,En remoto,02-jul-11
Técnico de RR.HH,En remoto,01-jul-11
Experto en implementación de Ning,En remoto,29-jun-11
Programador Web Javascript y Ajax,En remoto,29-jun-11
Desarrollo geolocalización - apps para móviles - realidad aum...,En remoto,27-jun-11
CTO ,En remoto,26-jun-11
Trabajillo puntual en flash,En remoto,24-jun-11
Profesor Freelance Mac OS X Support Essentials,En remoto,23-jun-11
Programador web,En remoto,22-jun-11
Busco varios Community Manager para proyecto,En remoto,21-jun-11
Community Manager,En remoto,20-jun-11
Recursos Humanos,En remoto,16-jun-11
Diseñador Gráfico / Web,En remoto,15-jun-11
Copy - diseñador y creativo de textos digitales,En remoto,14-jun-11
Diseñador web 35.000,En remoto,09-jun-11
Diseño del logo necesita,En remoto,09-jun-11
Diseñador Gráfico / Web,En remoto,07-jun-11
Programador freelance,En remoto,06-jun-11
Webmaster Prestashop,En remoto,04-jun-11
Sácame de aquí ,En remoto,31-may-11
Diseñador Gráfico / Web.,En remoto,31-may-11
Programador  Life Ray JDeveloper EJB 3 - Barcelona,En remoto,30-may-11
Diseñador gráfico,En remoto,26-may-11
COMERCIAL FREELANCE A COMISION,En remoto,20-may-11
Comercial Freelance a comisión,En remoto,17-may-11
Comercial autónomo de productos de decoración o regalos,En remoto,16-may-11
Programador freelance para PrestaShop,En remoto,14-may-11
DIR.CREATIVO ASOCIADO / Puerto Rico,En remoto,12-may-11
Director de Arte ,En remoto,10-may-11
Creación web ,En remoto,09-may-11
Diseñador tienda prestashop,En remoto,07-may-11
Diseño web,En remoto,03-may-11
Colaborador puntual frontend,En remoto,03-may-11
Programador freelance para iphone,En remoto,02-may-11
Diseñador Gráfico (adjuntar portfolio),En remoto,29-apr-11
Editor,En remoto,29-apr-11
Busco ilustrador en 3d,En remoto,28-apr-11
redactor para serie de dibujos...,En remoto,28-apr-11
Programadores freelance,En remoto,28-apr-11
Comercial,En remoto,27-apr-11
Diseñadores Vectoriales Profesionales,En remoto,23-apr-11
Comercial freelance * Ejecutivo de cuentas,En remoto,20-apr-11
Diseñador - Maquetador web (prácticas),En remoto,20-apr-11
Programador PHP que controle Magento,En remoto,19-apr-11
Profesor/a particular Cinema4D,En remoto,18-apr-11
Diseñador stands freelance,En remoto,18-apr-11
diseñador INFOGRAFICO freelance,En remoto,13-apr-11
Desarrollador Aplicaciones,En remoto,12-apr-11
Editor de contenidos (horario de tarde: 16.00 a 23.00 horas),En remoto,08-apr-11
Programador backend senior freelance presencial en Madrid,En remoto,06-apr-11
Web designer (prácticas),En remoto,06-apr-11
Artistas Emergentes CLmag,En remoto,28-mar-11
Buscamos para estudio de diseño alternativo….Ejecutiva/o de C...,En remoto,27-mar-11
Diseñador vectorial freelance,En remoto,24-mar-11
Programador/diseñador web,En remoto,19-mar-11
Buscamos Programadores Prestashop,En remoto,14-mar-11
Motion Graphics,En remoto,10-mar-11
Programador BASIC,En remoto,08-mar-11
Programador As3,En remoto,07-mar-11
Programmer / desarrollador Ios y/o Android (freelance),En remoto,02-mar-11
Comercial Web a Comisión,En remoto,01-mar-11
Becario Diseñador Web,En remoto,21-feb-11
Programador Freelance CakePHP,En remoto,16-feb-11
Programador web Freelance,En remoto,11-feb-11
Jefe Dpto. Publicaciones,En remoto,10-feb-11
Programador web Freelance,En remoto,09-feb-11
Social media,En remoto,08-feb-11
Diseñador Flash,En remoto,07-feb-11
Senior freelance drupal/joomla/php,En remoto,04-feb-11
Freelance Drupal,En remoto,03-feb-11
Amor Sacro cortometraje de genero fantastico ,En remoto,01-feb-11
Creativo publicitario (interactivo) en Guatemala,En remoto,27-jan-11
Programador Facebook Freelance,En remoto,27-jan-11
Flash freelance,En remoto,25-jan-11
Programador/Maquetador web,En remoto,19-jan-11
Programador,En remoto,19-jan-11
Flash Developer Freelance,En remoto,17-jan-11
¿Quieres compartir oficina en el centro de Madrid?,En remoto,13-jan-11
Copy senior,En remoto,12-jan-11
Redactor/a especializado/a en temática empresarial,En remoto,23-dec-10
Diamante en bruto,En remoto,21-dec-10
Programadores Junior,En remoto,20-dec-10
Comercial sector Marketing,En remoto,18-dec-10
Diseñador Gráfico con conocimientos HTML&amp;Flash,En remoto,17-dec-10
Diseñador Gráfico Freelance - Presencial - mínimo 6 meses,En remoto,15-dec-10
Especialista en Codeigniter y MySQL,En remoto,08-dec-10
Diseñador web y maquetación xhtml,En remoto,08-dec-10
Programador Freelance,En remoto,07-dec-10
Desarrollador freelance,En remoto,25-nov-10
Programador web freelance,En remoto,23-nov-10
Integración Webservice SOAP (Client en PHP),En remoto,22-nov-10
Programador freelance Drupal,En remoto,18-nov-10
Revista cultural | Artistas emergentes,En remoto,18-nov-10
Programador freelance para aplicación Facebook,En remoto,15-nov-10
Prácticas &quot;diseñadorarte&quot; web en agencia digital,En remoto,08-nov-10
Diseñador Motion Graphics ,En remoto,04-nov-10
Comercial Freelance Arte - DSN,En remoto,01-nov-10
Comerciales,En remoto,28-oct-10
Comercial Freelance Arte - DSN,En remoto,25-oct-10
Programador/a,En remoto,25-oct-10
Diseñador Gráfico Freelance,En remoto,23-oct-10
Copy Juior y Diseñador Junior Freelance,En remoto,22-oct-10
Maquetación y programación de Wordpress ,En remoto,20-oct-10
Programadores API Foursquares,En remoto,07-oct-10
Programador Facebook(FBML),En remoto,05-oct-10
Director de arte junior,En remoto,28-sep-10
Diseñadores web freelance,En remoto,14-sep-10
Ilustrador y Animador Flash freelance,En remoto,10-sep-10
Diseñador web Desarrollador front... (Freelance),En remoto,10-sep-10
Comercial Freelance,En remoto,06-sep-10
Programador web freelance,En remoto,06-sep-10
Redactor sobre tecnología y gadgets,En remoto,03-sep-10
Creativo Junior,En remoto,01-sep-10
Blogger,En remoto,04-aug-10
• • • Programador Flash &amp; Affter Efects • • •,En remoto,03-aug-10
Comercial Freelance para web y online,En remoto,30-jul-10
Programador de Microsoft .NET environment y FBML/Facebook,En remoto,07-jul-10
Programador para tienda online,En remoto,03-jul-10
Comercial de Diseño,En remoto,25-jun-10
Comercial freelance,En remoto,24-jun-10
Desarrolladores de aplicaciones Móviles,En remoto,20-jun-10
Freelance de 3D Poser,En remoto,02-jun-10
Desarrollo Web,En remoto,31-may-10
Programador Web freelance,En remoto,31-may-10
Programador Web,En remoto,27-may-10
PHP Senior Developer Framework (Symphony Cake),En remoto,26-may-10
Diseñador Web/Maquetador,En remoto,26-may-10
Socio vendedor para proyecto web,En remoto,25-may-10
Adaptación de banners en Flash,En remoto,21-may-10
Programador Web,En remoto,21-may-10
Responsable de Calidad Punto Circular,En remoto,16-may-10
Ingeniero de Análisis y/o Desarrollo en Tecnologías JAVA/J2EE,En remoto,16-may-10
Director de Compras para colección de mujer,En remoto,16-may-10
Dirección de tiendas en Castilla-León y Asturias,En remoto,16-may-10
Desarrollador para iPad,En remoto,14-may-10
Desarrollador para aplicación de iPad,En remoto,05-may-10
Desarrollos para iPhone e iPad,En remoto,28-apr-10
Artistas generalistas de 3D freelance,En remoto,27-apr-10
Comercial freelance,En remoto,19-apr-10
Diseñador 3D y 2D/Postproducción,En remoto,12-apr-10
Profesional en experiencia de usuario freelance,En remoto,07-apr-10
Pasar web Flash a Joomla!,En remoto,05-apr-10
Senior Developers freelance,En remoto,26-mar-10
Senior Flash animators freelance,En remoto,26-mar-10
Programador ASP freelance,En remoto,25-mar-10
Diseñador Gráfico/Ilustrador freelance,En remoto,24-mar-10
Creativos,En remoto,22-mar-10
Representación o aliado estratégico en España,En remoto,18-mar-10
Diseñador Gráfico Junior,En remoto,16-mar-10
Comercial sin vocación de tiburón/na,En remoto,10-mar-10
Maquetador Web (CMS),En remoto,08-mar-10
Activismo gráfico,En remoto,07-mar-10
Editor Operador de Postproducción/Motion Graphics (2D/3D),En remoto,06-mar-10
Great UX/UI Designer,En remoto,04-mar-10
Representante para estudio de diseño,En remoto,02-mar-10
Programador informático freelance,En remoto,06-feb-10
Programador-Animador Flash freelance,En remoto,06-feb-10
Excellent UX/Web Designer,En remoto,04-feb-10
Comercial,En remoto,31-jan-10
Programador Web freelance,En remoto,20-jan-10
Modelador 3D,En remoto,14-jan-10
Programador de Joomla!,En remoto,14-jan-10
Programador Flash. AS3. ALivePDF,En remoto,27-dec-09
Representante comercial,En remoto,26-nov-09
Comercial freelance,En remoto,17-nov-09
Comercial en diseño,En remoto,03-nov-09
Profesores de Animación Web,En remoto,14-oct-09
Profesores de Diseño y Maquetación Web,En remoto,14-oct-09
Ingenieros de desarrollo iPhone Android y Blackberry,En remoto,09-oct-09
Profesionales de la comunicación,En remoto,09-oct-09
Representante/socio para estudio argentino,En remoto,08-oct-09
Diseñador Web 2.0,En remoto,07-oct-09
Programador web freelance (plantilla Wordpress),En remoto,07-oct-09
Programadores Flash,En remoto,02-oct-09
Maquetador HTML/CSS freelance,En remoto,02-oct-09
Programador Web,En remoto,01-oct-09
Drupal coder,En remoto,23-sep-09
Programador web en Joomla,En remoto,22-sep-09
Especialista en motor,En remoto,18-sep-09
Diseñador/programador web freelance,En remoto,07-sep-09
Diseñador Web/Creativo freelance,En remoto,04-sep-09
Programador PHP/MySQL freelance,En remoto,04-sep-09
Desarrollador Symfony freelance,En remoto,03-sep-09
Guionista para serie de TV,En remoto,31-aug-09
SEO,En remoto,08-aug-09
Programador Wordpress,En remoto,08-aug-09
Diseñador Web 2.0,En remoto,08-aug-09
Programador PHP 5,En remoto,22-jul-09
Programador Web y/o Diseñador,En remoto,14-jul-09
Director de arte para proyecto web distinto/Art director for ...,En remoto,12-jul-09
Diseñador Web 2.0,En remoto,07-jul-09
Programador ASP.NET Freelance ,En remoto,25-jun-09
Programadores PHP/ASP,En remoto,24-jun-09
Director Artístico/Diseñador Senior,En remoto,17-jun-09
Comercial-Ejecutivo de cuentas freelance,En remoto,09-jun-09
Diseñador Web,En remoto,28-may-09
Maquetador XHTML-CSS,En remoto,16-apr-09
Desarrollador de aplicaciones para iPhone,En remoto,14-apr-09
Comercial autónomo,En remoto,31-mar-09
Diseñador gráfico,En remoto,19-feb-09
Maquetador de Wordpress,En remoto,18-feb-09
Programador web freelance,En remoto,16-feb-09
Programador ASP.NET,En remoto,09-feb-09
Programador Flash + Scorm,En remoto,09-feb-09
Arte con experiencia,En remoto,19-jan-09
3D View Point Media,En remoto,04-jan-09
Catálogo de productos en una web,En remoto,12-dec-08
Programador y desarrollador web PHP y MySQL,En remoto,09-dec-08
Desarrollo de red social,En remoto,02-dec-08
Se busca diseñador de pixel art para MMO,En remoto,27-nov-08
Maquetador/Diseñador web,En remoto,14-nov-08
Flashero freelance,En remoto,10-nov-08
Desarrollo Web con Drupal,En remoto,05-nov-08
Programador AS/PHP freelance,En remoto,23-oct-08
Ya tenemos creyentes,En remoto,17-oct-08
Programador web,En remoto,14-oct-08
Diseñadores web freelance,En remoto,08-oct-08
Programador/a diseñador/a web,En remoto,07-oct-08
Programador/a diseñador/a web,En remoto,07-oct-08